node_smiles,count
[Zn],2116
[Cd],1474
[Cu],1457
[Zn][Zn],1340
[Al],961
[OH],848
[Co],608
[Ag],607
[Zn][O]([Zn])([Zn])[Zn],600
[Mn],404
[OH2][Cd],394
[Ni],368
[OH2][Zn],317
O,304
[Ag][Ag],282
[Cu][Cu],275
[OH2][Cd][OH2],274
[O]12[Zr]34[OH]5[Zr]62[OH]2[Zr]71[OH]4[Zr]14[O]3[Zr]35[O]6[Zr]2([O]71)[OH]43,236
[O],209
[K],204
[Fe],195
[OH2][Zn][OH2],194
[Na],188
O[Al][O]([Al])[Al],130
[OH2][Mn][OH2],120
[OH2][Cu],118
[OH2][Co][OH2],114
I[Cu][Cu]I,111
[Li],108
[OH2][Mn],101
[O][U][O],101
[Sn],99
[Mo],98
Cl[Cd]Cl,96
[OH2][Ni][OH2],90
[Tb],86
[Ca],85
Cl[Cd],84
[OH2][Gd][OH2],79
[V],79
[OH2][Tb][OH2],78
Cl[Zn]Cl,77
[Gd],76
Cl[Cu]Cl,71
[OH2][Cu][OH2],71
[OH2][Ca][OH2],68
[OH2][Ni],67
[Pb],66
[Dy],64
Cl[Cu],63
Cl[Zn],62
[Sm],62
[OH2][Tb],62
[OH2][Co],61
[OH2][Nd],60
[OH2][Dy][OH2],60
[Mg],60
[Ba],59
[OH2][Nd][OH2],59
[OH2][Gd],58
[Nd],58
[OH2][La],57
[OH2][Sm][OH2],57
[Sr],54
[OH2][Sm],51
[Cs],51
[La],50
[OH2][Pr],49
[In],49
[Er],47
[Rb],45
[OH2][Er][OH2],45
[Li][OH2],45
[Pr],44
[OH2][La][OH2],43
[OH2][Pr][OH2],40
[Hg],39
[OH2][Dy],39
[Cu]Br,38
[Co][Co],36
[Ag]1[Ag][Ag][Ag]1,35
[OH2][Er],35
[OH2][Ho][OH2],35
[Cu]I,34
Br[Cd]Br,34
I[Cd]I,33
[Pd],33
[OH2][Na],33
[OH2][Mg][OH2],33
[OH2][Zn]([OH2])([OH2])[OH2],32
[OH2][Ca],32
[OH2][Cd]([OH2])[OH2],31
[Pt],31
Cl[Cu][Cu]Cl,30
Br[Zn]Br,30
Cl[Co]Cl,29
[O][U]([O])[OH2],29
[OH2][Ho],29
Cl[Hg]Cl,28
Br[Cu][Cu]Br,28
[Ga],26
[Ho],26
[OH2][K],26
[Rh][Rh],26
[OH2][Co]([OH2])([OH2])[OH2],24
[I],24
[OH2][Sr],24
I[Zn]I,24
[Au],24
[OH2][Sm]([OH2])[OH2],23
[Y],23
[OH2][Cu][Cu][OH2],23
I[Cu]12[Cu]3([Cu]1([Cu]23I)I)I,22
[Ru][Ru],22
I[Hg]I,21
[OH2][Gd]([OH2])[OH2],21
[OH2][Tb]([OH2])[OH2],21
[OH2][Fe][OH2],21
[OH2][Zn]([OH2])[OH2],21
Br[Hg]Br,20
[OH2][Ba],20
[Zn][OH]1[Zn][OH]([Zn]1)[Zn],20
[Eu],19
[Yb],19
[OH2][Sr][OH2],19
[OH2][Na][OH2],18
Br[Cu]Br,18
[OH2][Nd]([OH2])[OH2],18
[OH2][Ba][OH2],18
[OH2][Cd]([OH2])([OH2])[OH2],17
[Cu][Cu](I)I,17
[Cu]1[Cu][Cu][Cu]1,17
[Zn][OH][Zn],17
[OH2][Yb],17
O[Hf]123([OH2])[OH]4[Hf]56[O]3[Hf]37([OH]2[Hf]28[O]1[Hf]14([O]6[Hf]([OH]53)([OH]21)([O]78)([OH2])O)([OH2])O)([OH2])O,17
O[Zr]123([OH2])[OH]4[Zr]56[O]3[Zr]37([OH]2[Zr]28[O]1[Zr]14([O]6[Zr]([OH]53)([OH]21)([O]78)([OH2])O)([OH2])O)([OH2])O,17
[OH2][Y],16
[OH2][Ni]([OH2])([OH2])[OH2],16
[Cd][Cd],16
[OH2][La]([OH2])[OH2],16
Br[Cd],16
[Cr],16
[Bi],16
[OH2][Er]([OH2])[OH2],16
[Ag][Ag][Ag][Ag],15
[OH2][Fe],15
[OH2][Y][OH2],15
[W],15
[Cd]I,15
[Co][OH2][Co],15
[O]12[Hf]34[OH]5[Hf]62[OH]2[Hf]71[OH]4[Hf]14[O]3[Hf]35[O]6[Hf]2([O]71)[OH]43,15
[OH2][Cd]Cl,14
[OH2][Ag],14
[Ti],14
Cl[Mn]Cl,14
[Sc],14
[Ag]1[Ag]2[Ag]1[Ag]2,14
[OH2][Yb][OH2],14
[OH2][Dy]([OH2])[OH2],13
[K][OH2][K],13
[OH2][Ca]([OH2])([OH2])[OH2],13
[OH2][Pr]([OH2])[OH2],12
[OH2][Ca]([OH2])[OH2],12
[OH2][Zn][Zn][OH2],12
[OH2][Na]1[OH2][Na]([OH2]1)[OH2],12
[Ag]1[Ag][Ag]1,11
[OH2][Mg],11
[OH2][Sr]([OH2])([OH2])[OH2],11
[OH2][Mg]([OH2])([OH2])[OH2],11
[OH2][Eu],10
[OH2][Nd]([OH2])([OH2])[OH2],10
[Ce],10
[OH2][Ba]([OH2])([OH2])[OH2],10
[Cd][OH2][Cd],10
[OH2][Y]([OH2])[OH2],10
[S],10
[Mn][Mn],10
[Zr],10
[K]1[OH2][K][OH2]1,10
[OH2][Tb]([OH2])([OH2])[OH2],10
[OH2][Tm][OH2],10
[Lu],10
[O][U]([O])([OH2])[OH2],10
[OH2][Sr]([OH2])[OH2],9
[Au][Au],9
Cl[Mn],9
[Tm],9
[Ni][Ni],9
Cl[Fe]Cl,9
Cl[Co],9
[OH2][Tm],9
[Ni][OH2][Ni],9
[OH2][Eu][OH2],8
[OH2][Ba]([OH2])[OH2],8
[Zn]Br,8
[OH2][Dy]([OH2])([OH2])[OH2],8
[O][V],8
[OH2][K]([OH2])([OH2])[OH2],8
[OH2][K][OH2],8
[Ag][Ag][Ag],8
[O][U]1([O])[OH][U]([OH]1)([O])[O],8
[Na][OH2][Na],8
[Cu][OH]1[Cu][OH]([Cu]1)[Cu],8
[OH2][Gd]([OH2])([OH2])[OH2],8
[OH2][Mn]([OH2])[OH2],8
[OH2][Ru][Ru][OH2],8
[U],8
[OH2][Ag][Ag],7
[Na]1[OH2][Na][OH2]1,7
[Br],7
[Cu][OH][Cu][OH][Cu],7
[OH2][Mn]([OH2])([OH2])[OH2],7
[OH2][Lu][OH2],7
[Mo][Mo],7
[OH2][Li][OH2],7
[OH2][Sm]([OH2])([OH2])[OH2],7
[Zn][OH][Zn][OH][Zn],7
Cl[Ni]Cl,7
[OH2][Ho]([OH2])[OH2],7
[O][O],7
[Cs]1[OH2][Cs][OH2]1,7
[Se],7
[Te],7
[OH2][Mg]([OH2])[OH2],6
[OH2][Er]([OH2])([OH2])[OH2],6
[OH2][Lu],6
[OH2][Tb]([OH2])([OH2])([OH2])[OH2],6
I[Cu]([Cu][Cu][Cu](I)I)I,6
[Fe][Fe],6
[OH2][K]1[OH2][K]([OH2]1)[OH2],6
[Ni][O]([Ni])[Ni],6
[Cu][Cu](Br)Br,6
[Cu][Cu][Cu],6
I[Cu][Cu]([Cu]([Cu]I)I)I,6
[OH2][Rb],5
[OH2][Ni]([OH2])[OH2],5
[Cl],5
[OH2][Zn]Cl,5
[Co][OH][Co][OH][Co],5
[Sb],5
[Ni]O[Ni],5
[OH2][Sm]([OH2])([OH2])([OH2])[OH2],5
[OH2][Gd]([OH2])([OH2])([OH2])[OH2],5
F[Zn],5
I[Cu]I,5
[Cd][OH]([Cd][OH]([Cd])[Cd])[Cd],5
[Cd][OH]1[Cd][OH]([Cd]1)[Cd],5
[Zn]I,5
[Sn][O]1[Sn][O]([Sn]1)[Sn],5
[OH2][Yb]([OH2])[OH2],5
[Mn][OH2][Mn],5
[OH2][Cd]I,5
[OH2][Co]([OH2])[OH2],5
[Zn][OH]([Zn][OH]([Zn])[Zn])[Zn],5
[O][V][O],5
[Th],5
[Li][OH2][Li],5
Br[Ag][Ag]Br,4
[OH2][Pb],4
Cl[Cd](Cl)Cl,4
Cl[Ag],4
[OH2][La]([OH2])([OH2])([OH2])[OH2],4
[OH2][Nd]([OH2])([OH2])([OH2])[OH2],4
[OH2][Dy]([OH2])([OH2])([OH2])[OH2],4
[Co][OH]([Co])[Co],4
[F],4
[Sn][O]([Sn])[Sn],4
[Ag]1[Ag][Ag][Ag][Ag][Ag]1,4
[Cu][O]1[Cu][O]([Cu]1)[Cu],4
[Rb][OH2][Rb],4
[OH2][Co][OH2][Co][OH2],4
[OH2][Sn],4
Cl[Au][Au]Cl,4
[OH2][Sr]1([OH2])[OH2][Sr]([OH2]1)([OH2])[OH2],4
Cl[Fe],4
[OH2][Cu]Cl,4
[Cu][OH][Cu],4
[OH2][Cd](Cl)[OH2],4
[Ni][OH]1[Ni][OH]([Ni]1)[Ni],4
F[Zn]F,4
O[Zr]123(O)[OH]4[Zr]56([O]3[Zr]37([OH]2[Zr]28([O]1[Zr]14([O]6[Zr]([OH]53)([OH]21)([O]78)(O)O)([OH2])([OH2])O)[OH2])([OH2])([OH2])O)[OH2],4
[OH2][Ag][Ag][Ag][Ag][OH2],3
[OH2][Ag][Ag][OH2],3
[OH2][Mn]Cl,3
[OH2][Cu][OH][Cu][OH][Cu][OH2],3
[O][V]O[Cu],3
I[Ag][Ag]I,3
[OH2][Ba]1[OH2][Ba]([OH2]1)[OH2],3
[OH2][Cu]([OH2])[OH2],3
I[Cu][Cu]([Cu]I)I,3
[OH2][Tb]([OH2])([OH2])([OH2])([OH2])[OH2],3
[Zn][OH]([Zn])[Zn],3
[OH2][Cs]1[OH2][Cs]([OH2]1)[OH2],3
[Cu]1[Cu][Cu][Cu][Cu][Cu]1,3
[OH2][La]([OH2])([OH2])[OH2],3
[Ru],3
[Nb],3
[Ag]12[Ag]3[Ag]1[Ag]23,3
[Au]1[Au][Au][Au]1,3
Cl[Pd]Cl,3
[OH2][Cu][OH][Cu],3
Cl[Hg],3
[Rb]1[OH2][Rb][OH2]1,3
[OH2][Yb]([OH2])([OH2])([OH2])[OH2],3
Cl[Cd](Cl)(Cl)Cl,3
[OH2][Co][OH2][Co][OH2][Co][OH2],3
I[Cu]12(I)[Cu]3[Cu]1([Cu]23I)I,3
[OH2][Ho]([OH2])([OH2])[OH2],3
[OH2][Pr]([OH2])([OH2])[OH2],3
[OH2][Cd]1[OH2][Cd]([OH2]1)[OH2],3
[OH2][Ni][OH2][Ni][OH2],3
[OH2][K][OH2][K],3
[OH2][Th][OH2],3
[Li][OH2][Li][OH2],3
[O][Pu][O],3
[OH2][Ba]1([OH2])[OH2][Ba]([OH2]1)([OH2])[OH2],3
[Cu][Cu]([Cu](I)(I)[Cu])(I)I,3
[Co][OH]1[Co][OH]([Co]1)[Co],3
[Zn][OH2][Zn],3
[OH2][Er]([OH2])([OH2])([OH2])[OH2],3
Cl[Ag][Ag]Cl,3
[Ba]1[OH2][Ba][OH2]1,3
[Cu]1[Cu]2[Cu]1[Cu]2,3
I[Cu]12[Cu]3[Cu]1[Cu]23(I)(I)I,3
[Cd][OH2][Cd][OH2][Cd],3
[OH2][Co](Cl)(Cl)[OH2],3
[Sr]1[OH2][Sr][OH2]1,3
[OH2][Mg][OH2][Mg][OH2][Mg][OH2],3
[Cu]1[S]2[Cu]3[Mo]4562[S]1[Cu]4[S]6[Cu][S]35,3
[OH2][Ce][OH2],3
[OH2][Cs][OH2],2
Cl[Cu][Cu](Cl)Cl,2
[OH2][Cd](Cl)(Cl)[OH2],2
[OH2][Yb]([OH2])([OH2])[OH2],2
[La]1[OH2][La][OH2]1,2
[Mn]1[OH][Mn][OH]1,2
[OH2][Mn][OH2][Mn][OH2],2
[Cu][Cu]([Cu](Br)(Br)[Cu])(Br)Br,2
[OH2][Zr][OH2],2
[O][Mo]12S[Mo]2(S1)[O],2
Cl[Sm](Cl)Cl,2
[OH2][Yb]1[OH][Yb]([OH]1)[OH2],2
[OH2][Sr]([OH2])([OH2])([OH2])[OH2],2
Cl[La](Cl)(Cl)Cl,2
Cl[La]Cl,2
Cl[Pr]Cl,2
[Hg][Hg],2
[OH2][Sm][Sm][OH2],2
Cl[Cu]([Cu])Cl,2
[OH2][Zn](F)F,2
[OH2][Ni]Cl,2
Cl[Ni],2
[Zn][OH]1[Zn]([OH2])[OH]([Zn]1[OH2])[Zn],2
[OH2][Tm]([OH2])[OH2],2
[OH2][Zn][OH]1[Zn]([OH2])[OH]([Zn]1[OH2])[Zn][OH2],2
[Cu]12[Cu]3[Cu]1[Cu]23,2
I[Cu]([Cu](I)I)I,2
Br[Cu]12[S]3[W]452([S]1[Cu]4[S]5[Cu]3)[O],2
[OH2][Bi],2
[Zn][O]([Zn][O]([Zn])([Zn])[Zn])([Zn])[Zn],2
[OH2][Sc],2
[OH2][Zn]1[OH2][Zn]([OH2]1)[OH2],2
[OH2][Lu]([OH2])[OH2],2
[OH2][Cd]Br,2
[OH2][Li][OH2][Li][OH2],2
[OH2][Ba]([OH2])([OH2])([OH2])[OH2],2
[Co][OH][Co][OH]1[Co][OH]([Co]1)[Co][OH][Co],2
[Co][OH]1[Co]([OH2])[OH]([Co]1[OH2])[Co],2
[OH2][Cu][Cu],2
I[Cu]1[S]2[Cu]3[W]4562[S]1[Cu]4[S]6[Cu]([S]35)I,2
Cl[Cd][Cd]Cl,2
[OH2][Cs],2
Br[Mn]Br,2
[OH2][In],2
[O][Mo](F)[O],2
[OH2][Co][OH]1[Co][OH]([Co]1)[Co][OH2],2
Br[Hg],2
[Cr][Cr],2
[Cd]1[OH2][Cd][OH2]1,2
[OH2][Cd](Cl)Cl,2
[Ni][OH2][Ni][OH2][Ni],2
Br[Al](Br)Br,2
[Be],2
[Cd][OH]1[Cd]([OH2])[OH]([Cd]1[OH2])[Cd],2
[Fe]O[Fe],2
[OH2][Al],2
I[Cu]12(I)[Cu]3[Cu]1[Cu]23(I)I,2
[Na][OH2][Zn],2
[OH2][Pr]([OH2])([OH2])([OH2])[OH2],2
[O][V]O[V](O[V](O[V][O])[O])[O],2
[Ca]1[OH2][Ca][OH2]1,2
[OH2][Cr][OH2],2
[OH2][La]([OH2])([OH2])([OH2])([OH2])[OH2],2
[OH2][Ag][Ag]([Ag]([Ag][OH2])[OH2])[OH2],2
[K][OH2][K][OH2][K],2
[K][K],2
[CoH],2
[OH2][Sc][OH2],2
[Fe][O]([Fe])[Fe],2
[OH2][Na]1([OH2])[OH2][Na]([OH2]1)([OH2])[OH2],2
[Ba][OH2][Ba],2
Br[Bi],2
[Gd]1[OH][Gd][OH]1,2
[OH2][Er]1[OH][Er]([OH]1)[OH2],2
[OH2][Mn](Cl)Cl,2
[OH2][Cu]([Cu])[OH2],2
[OH2][Tb]1([OH2])[OH2][Tb]([OH2]1)([OH2])[OH2],2
I[Ag][Ag]([Ag]([Ag]I)I)I,2
[Pr]1[Pr][OH]2[Pr][OH]1[Pr]2,2
O[Zn],2
[OH2][Gd]([OH2])([OH2])([OH2])([OH2])[OH2],2
I[Cu]1[Cu][Cu]1(I)I,2
[Cu][Cu](I)(I)I,2
[Cu][Cu]Br,2
[Co][OH]([Co]([OH]([Co])[Co])[OH2])[Co],2
F[Cu]F,2
Br[Co]Br,2
[OH2][Ni][OH]1[Ni]([OH2])[OH]([Ni]1[OH2])[Ni][OH2],2
[Cu][O]([Cu])[Cu],2
O[Cd],2
[OH2][Eu]([OH2])[OH2],2
[Tl],2
[OH2][Dy]1[OH][Dy]([OH]1)[OH2],2
[O][U](F)[O],2
[Ag][Ag][Ag][Ag][Ag][Ag],2
[Ag][OH2][Ag],2
[OH2][Zn][OH]([Zn][OH]([Zn][OH2])[Zn])[Zn],2
[Cu][OH]([Cu][OH]([Cu])[Cu])[Cu],2
[Mn]1[OH2][Mn][OH2]1,2
F[Mn](F)F,2
[OH2][Ho]([OH2])([OH2])([OH2])[OH2],2
[OH2][Tm]([OH2])([OH2])([OH2])[OH2],2
[Co][O]([Co])[Co],2
[Ni]12[OH]34[Ni]5[OH]62[Ni]2[OH]71[Ni]4[OH]14[Ni]3[OH]35[Ni]6[OH]2([Ni]71)[Ni]43,2
[Cu][OH]1[Cu]O[Cu]1,2
O[Hf]123(O)[OH]4[Hf]56([O]3[Hf]37([OH]2[Hf]28([O]1[Hf]14([O]6[Hf]([OH]53)([OH]21)([O]78)(O)O)([OH2])([OH2])O)[OH2])([OH2])([OH2])O)[OH2],2
O[Hf]123([OH])[OH]4[Hf]56([O]3[Hf]37([OH]2[Hf]28([O]1[Hf]14([O]6[Hf]([OH]53)([OH]21)([O]78)(O)O)([OH2])([OH])O)[OH2])([OH2])([OH2])O)[OH2],2
O[Hf]123([OH])[OH]4[Hf]56([O]3[Hf]37([OH]2[Hf]28([O]1[Hf]14([O]6[Hf]([OH]53)([OH]21)([O]78)(O)O)([OH2])([OH2])O)[OH2])([OH2])([OH])O)[OH2],2
O[Hf]123([OH2])[OH]4[Hf]56([O]3[Hf]37([OH]2[Hf]28([O]1[Hf]14([O]6[Hf]([OH]53)([OH]21)([O]78)([OH2])[OH2])([OH2])(O)O)O)([OH2])(O)O)[OH2],2
O[Zr]123([OH2])[OH]4[Zr]56([O]3[Zr]37([OH]2[Zr]28([O]1[Zr]14([O]6[Zr]([OH]53)([OH]21)([O]78)([OH2])[OH2])([OH2])(O)O)O)([OH2])(O)O)[OH2],2
[Cu][Cu]1(I)(I)[Cu][Cu]1([Cu])(I)I,1
Cl[Pb]Cl,1
[O][V]1O[V]2([O]1[Cu]O[V]1([O]([Cu]O2)[V](O1)[O])F)F,1
[OH2][Mn]([OH2][Mn][OH2][Mn]([OH2])([OH2])([OH2])[OH2])([OH2])([OH2])[OH2],1
[O][V]O[V][O],1
[Na][OH2][Na]([OH2][Na])[OH2][Na],1
[O][V](Cl)Cl,1
[O][Mo]12([O])O[Mo]34([O]1[Mo]156([O]2[Mo]27([O]86[Mo]69([O]41[Mo](O3)(O5)([O])([O])[O]6[Mo]1([O]9[Mo]8(O7)([O])([O])O1)([O])[O])(O2)[O])([O])[O])[O])([O])[O],1
[OH2][Cd]1[OH][Cd][OH][Cd][OH]([Cd]([OH][Cd][OH][Cd][OH]1[Cd]([OH2])([OH2])[OH2])[OH2])[Cd]([OH2])([OH2])[OH2],1
I[Cu]1[Cu]23[Cu]1([Cu]12[Cu]3([Cu]1I)I)I,1
[OH2][Zn][O]([Zn]([O]([Zn][OH2])[Zn])([OH2])[OH2])[Zn],1
[O][V]1[O]2[O]1[K]2([OH2])[OH2],1
[OH2][Ca]([OH2][Ca]([OH2])([OH2])([OH2])[OH2])([OH2][Ca]([OH2])([OH2])([OH2])[OH2])[OH2],1
[OH2][Zn][OH2][Na][OH2][Zn],1
I[Cu]([Cu][Cu][Cu]([Cu]([Cu][Cu][Cu](I)I)(I)I)(I)I)I,1
[OH2][Ag][OH2][Ag]1[OH2][Ag]([OH2]1)[OH2][Ag][OH2],1
[OH2][Ag][OH2][Ag]12[OH2][Ag]2([OH2]1)[OH2][Ag][OH2],1
[Ag]1[Ag]2[Ag][Ag]1[Ag]1[Ag][Ag]2[Ag]1,1
[Co][Co][Ga]1[Co][Co]1,1
[OH2][Cd][OH2][Cd],1
[Cu]1[Cu][Cu]2[Cu]3[Cu]1[Cu]23,1
Cl[Rh][Rh]Cl,1
[Sn][Sn],1
[Ni]12[OH]3[Ni]4[OH]2[Ni]256([OH]1[Ni]3[OH]42)[OH]1[Ni]2[OH]6[Ni]3[OH]5[Ni]1[OH]23,1
[OH2][Bi][OH2],1
I[Cu]([Cu]([Cu](I)I)I)[Cu](I)I,1
[Ag][O]([Pt])([Pt])[Pt],1
Cl[Tb](Cl)Cl,1
Cl[Gd](Cl)Cl,1
Br[Pd]Br,1
Cl[Al](Cl)Cl,1
[O][V](O[Cu])F,1
Cl[Pr](Cl)Cl,1
Cl[Sm]Cl,1
[OH2][Gd][Gd][OH2],1
[OH2][Dy][Dy][OH2],1
Cl[Cu]([Cu])(Cl)Cl,1
Cl[Cu]([Cu])([Cu])(Cl)Cl,1
Cl[Cu]([Cu])([Cu])Cl,1
Cl[Cu]([Cu][Cu]([Cu])(Cl)Cl)([Cu])(Cl)Cl,1
F[Zn](F)(F)F,1
[FeH],1
[Cu][OH2][K]1[OH2][K][OH2]1,1
[Ag][Ag][Ag][Ag][Ag],1
[Ag]([Ag]12[Ag][Ag]2[Ag]1)[Ag][Ag]12[Ag][Ag]2[Ag]1,1
[O][Mo]([O])[OH2],1
I[Cu]12[Cu]3[Cu]1(I)(I)[Cu][Cu]23(I)I,1
Cl[Mn]O[Mn]O[Mn]Cl,1
Cl[Ag]1[Ag][Ag]1,1
O[Dy]12[OH]3[Dy]4([OH]2[Dy]2([OH]1[Dy]3([O]42)[OH2])[OH2])[OH2],1
[Cd][OH2][K][OH2][Cd],1
Cl[Ga](Cl)Cl,1
[O][Mo]1234[Cu]5[S]3[Cu][S]2[Cu]1[S]45,1
[V]O[K]1[OH2][K]([OH2]1)O[V],1
[OH2][Co][OH]([Co])[Co],1
[Mn][O]([Mn])[Mn],1
[OH2][Y]([OH2])([OH2])[OH2],1
[OH2][Yb]1[OH2][Yb]([OH2]1)[OH2],1
[Cu]O[W]123O[W]45([O])O[W]6(O2)(O[Cu])O[W]27(O[W]8(O1)([O])O[W]1([O])(O2)O[W]29(O[W](O5)(O[W]5(O4)(O[W](O3)(O8)([O])O[W](O5)(O1)([O])O9)[O])([O])O[W](O6)(O7)([O])O2)[O])[O],1
[Ag][W][Ag],1
[Ag]I,1
Cl[Ti](Cl)(Cl)Cl,1
O[Zn][O]([Zn][OH2])([Zn])[Zn],1
[O][Mo]1234O[Mo]56([O])O[Cu]O[Mo]789([O]2[Mo]2%10([O]%113[Mo]3%12%13%14[O]1[Mo]1([O]47[Mo]%11([O]31)([O]8%10)([O])O[Mo](O%14)(O2)(O[Cu]O%13)[O])(O5)([O])O[Cu]O%12)([O])O[Cu]O9)O6,1
[Cu][OH2][Na][OH2][Na]1[OH2][Na]([OH2]1)[OH2][Na][OH2][Cu],1
[Co]O[Co],1
[OH2][Mn]([OH2][Mn][OH2][Mn]([OH2])[OH2])[OH2],1
[Dy]12[OH]3[Dy]4[OH]2[Dy]2[OH]1[Dy]3[OH]42,1
[Yb]12[OH]3[Yb]4[OH]2[Yb]2[OH]1[Yb]3[OH]42,1
[Gd]12[OH]3[Gd]4[OH]2[Gd]2[OH]1[Gd]3[OH]42,1
[K][OH2][Gd],1
[OH2][Sc]1[OH][Sc]([OH]1)[OH2],1
[Cu][OH2][Cu]([OH2])[OH2],1
[O][Cr],1
[Ag]O[Mo]123([O])O[Mo]456([O]783[Mo]3(O1)([O]5[Mo]15([O]9%106[Mo]68([O]31)([O]1[Mo]7(O2)([O]4[Mo]91([O])([O])O[Mo]%10(O6)(O5)([O])O[Ag])([O])O[Ag])[O])([O])O[Ag])([O])[O])[O],1
Br[Cu]12[S]3[Mo]4562[S]1[Cu]5([S]6[Cu]34)Br,1
[Zn]S([Zn])([Zn])[Zn],1
[Cu]O[Mo]([O])[OH2],1
[OH2][Pr]([OH2])([OH2])([OH2])([OH2])[OH2],1
[OH2][Nd]([OH2])([OH2])([OH2])([OH2])[OH2],1
[OH]1[Fe]2[Fe]1[OH]2,1
[Sb]O[Sb],1
F[Mn],1
[OH2][Ca]1([OH2])[OH2][Ca]([OH2]1)([OH2])[OH2],1
O[Zr]123([OH2])[OH]4[Zr]56[O]3[Zr]37([O]2[Zr]28[OH]1[Zr]14([O]6[Zr]([OH]53)([O]21)([OH]78)([OH2])O)([OH2])O)([OH2])O,1
[Ag]1[Ag]2[Ag][Ag]2[Ag][Ag]2[Ag]1[Ag]2,1
[Sn][OH][Sn],1
[OH2][Tb]12[OH]3[Tb]4([OH]2[Tb]2([OH]1[Tb]3([OH]42)[OH2])[OH2])[OH2],1
[OH2][Gd]12[OH]3[Gd]4([OH]2[Gd]2([OH]1[Gd]3([OH]42)[OH2])[OH2])[OH2],1
[Pb][OH]1[Pb][OH]([Pb]1)[Pb],1
[O][Mo]1([O])O[Mo]([O])([O])O[Mo]([O])(O[Mo](O[Mo](O[Mo](O1)([O])O[Zn]([OH2])([OH2])([OH2])[OH2])([O])[O])([O])[O])O[Zn]([OH2])([OH2])([OH2])[OH2],1
[Cu]O[V](F)(F)F,1
[OH2][Co][OH2][Co]([OH2])([OH2])[OH2],1
[O][Mo]123([O])O[Mo]4([O])O[Cu]O[Mo]56(O4)([O]4[Mo](O1)([O])O[Mo]17(O2)([O]3[Mo]([O])(O[Mo]4(O6)([O])([O])O[Mo](O7)(O[Cu]O1)[O])O5)[O])[O],1
[OH2][La][OH2][La]([OH2])[OH2],1
[O][V][OH2],1
[OH2][Ho](F)[OH2],1
[Fe]1[S]2[Fe]31[Fe]12[S]3[Fe]1,1
[OH2][Zn]([OH2][Zn]([OH2])([OH2])[OH2])[OH2],1
[OH2][Tb][Tb][OH2],1
[OH2][Zn][OH]([Zn]([OH]([Zn][OH2])[Zn][OH2])([OH2])[OH2])[Zn][OH2],1
[Ag][Ag][Ag]1[Ag]2[Ag]1[Ag]2[Ag]1[Ag]2[Ag]1[Ag]2[Ag][Ag],1
[N],1
[OH2][V]O[Sr]([OH2])([OH2])([OH2])[OH2],1
[Th]1[OH][Th][OH]1,1
[OH2][Ni][O]([Ni][OH2])[Ni][OH2],1
[O][U]O[Ag]([OH2])[OH2],1
[Co]12[OH]3[Co]45[OH]2[Co]264[OH]5[Co]456[Co]67([OH]1[Co]36[OH]47)[OH]25,1
[Fe][OH2][Fe]([OH2][Fe])([OH2])[OH2],1
I[Cu][Cu]([Cu]([Cu]([Cu]([Cu]I)(I)I)I)I)(I)I,1
[OH2][Zn][OH2][Zn][OH2],1
[Ca][OH2][Ca],1
[K][OH2][Cs],1
[CdH],1
[O][V](F)[O],1
[OH2][Na][OH2][Na][OH2][Na][OH2],1
[OH2][Cs]123[OH2][Cs]([OH2]1)([OH2]2)([OH2]3)[OH2],1
Br[Cu]([Cu](Br)Br)Br,1
[Cu]1[S]2[Cu][S]3[W]4562[S]1[Cu]4[S]5[Cu]36,1
[OH2][Mn][OH2][Mn]([OH2])([OH2])([OH2])[OH2],1
[Ag]1[Ag]2[Ag]31[Ag]12[Ag]3[Ag]1,1
[Zn][OH2][Zn][OH2][Zn],1
[OH2][Zn]O[Mo]1([O])O[Zn]O[Mo](O[Zn]O1)([O])O[Zn][OH2],1
[OH2][Ga](F)(F)[OH2],1
[Mn][OH]([Mn]([OH2])[OH2])[Mn][OH]([Mn]([OH2])[OH2])[Mn],1
[OH2][Sn][OH2],1
I[Cu]1[Cu]2([Cu]1([Cu]2I)I)I,1
[Mn][OH]1[Mn][OH]([Mn]1)[Mn],1
I[Cu]1(I)[Cu]2[Cu]1[Cu]2(I)I,1
Cl[Cu][Cu](Cl)(Cl)Cl,1
[O][Mo][O],1
[OH2][Gd]1[OH][Gd]([OH]1)[OH2],1
[OH2][Na][OH2][Na],1
[OH2][Th],1
[Th]O[Th],1
Br[Ag],1
Br[Cd][OH]1[Cd](Br)[OH]([Cd]1Br)[Cd]Br,1
[O][Mo]1234O[Cu]O[Mo]56(O2)([O]274[Mo]4(O1)([O])([O])[O]1[Mo]897([O]5[Mo]57([O]6[Mo]62(O3)([O]4[Mo]231([O]856[Mo](O9)(O3)(O7)([O])O[Cu]O2)[O])[O])([O])[O])[O])[O],1
[OH2][Zn][OH][Zn][OH][Zn][OH][Zn][OH][Zn][OH2],1
[OH2][Fe]([OH2])[OH2],1
Br[Cu]12[Cu]3([Cu]1([Cu]23Br)Br)Br,1
I[Pb],1
[OH2][Sm][OH2][Ag],1
[Gd][O]([Gd])[Gd].[Gd][O]([Gd])[Gd],1
[OH2][K]([OH2])[OH2],1
Br[Au],1
[OH2][Zn](I)I,1
[Pd][Pd],1
[Cu]O[Mo]([O]1[Cu]2[Cu]1[O]2[Mo](O[Cu])([O])[O])([O])[O],1
[O][Mo](O[Cu]O[Mo]([O])([O])[O])([O])[O],1
Br[Cu]12[Cu]3[Cu]1[Cu]23(Br)(Br)Br,1
Cl[Co][OH]1[Co][OH]([Co]1)[Co]Cl,1
[OH2][K][OH2][K][OH2],1
[Zn][OH]([Zn]([OH2])[OH2])[Zn][OH]([Zn]([OH2])[OH2])[Zn],1
[OH2][U]1O[U](O1)[OH2],1
[OH2][Mn][OH2][Mn],1
[Rh],1
[O][U]O[Rb],1
[Ag]1[Ag]23[Ag]451[Ag]163[Ag]2[Ag]4[Ag]51[Ag]6,1
[OH2][Na]1[OH2][Na]2([OH2]1)([OH2])[OH2][Na]1([OH2]2)([OH2])[OH2][Na]([OH2]1)[OH2],1
I[Cu]12[S]3[Mo]452([S]1[Cu]4[S]5[Cu]3)[O],1
[Cu]1[S]2[Cu]3[Mo]4562[S]1[Cu]4([S]35)O[Mo]1234[Cu]5(O6)[S]1[Cu][S]3[Cu]4[S]25,1
[Bi]1O[Bi]O1,1
[Cu]O[Re]([O])([O])[O],1
Cl[Mo](Cl)(Cl)Cl,1
[Co][OH]([Co][OH]([Co])[Co])[Co],1
[OH2][Sr]([OH2])([OH2])([OH2])([OH2])[OH2],1
[OH2][Ba]([OH2])([OH2])([OH2])([OH2])[OH2],1
[OH2][Ni][OH]1[Ni][OH]([Ni]1)[Ni]([OH2])[OH2],1
[Bi]1O[Bi]2[O]1[Bi]1[O]2[Bi]O1,1
[Gd][Gd],1
[Tb][Tb],1
[OH2][Na]([OH2][Na]([OH2])([OH2])[OH2])[OH2],1
[O][U]([O]1[U]([O])([O])(Cl)[O]([U]1([O])([O])Cl)[U]([O])[O])[O],1
[Cu][Cu](Br)(Br)(Br)[Cu],1
[Cu]O[Mo]1([O])O[Mo]([O])([O])O[Mo]([O])([O])O[Mo](O[Mo](O[Mo](O1)([O])[O])([O])[O])([O])O[Cu],1
[Cd]S([Cd])([Cd])([Cd])([Cd])[Cd],1
[Ag][Ag]I,1
Br[Ag][Ag],1
[Rh][Bi],1
[OH2][Zn]F,1
Br[Cu][Cu]([Cu])[Cu],1
I[Cu][Cu]([Cu])[Cu],1
[OH2][Li]1[OH2][Li]([OH2]1)[OH2],1
[OH2][Li][OH2][Li]1[OH2][Li]([OH2]1)[OH2][Li][OH2],1
I[Bi],1
[OH2][Mg][OH2][Mg][OH2],1
[OH2][Ni]([OH]1[Ni]([OH2])[OH]([Ni]1[OH2])[Ni]([OH2])[OH2])[OH2],1
[Fe][OH2][Fe],1
[O][V]1O[V](O1)[O],1
[OH2][Zn][OH]([Zn]([OH]([Zn][OH2])[Zn])([OH2])[OH2])[Zn],1
[OH2][Zn][O]([Zn])([Zn])[Zn],1
[OH2][V](F)[OH2],1
Cl[Cd]1[OH2][Cd]([OH2]1)Cl,1
[OH2][Tm]1[OH2][Tm]([OH2]1)[OH2],1
[Np],1
[Cu]O[Cu]O[Cu],1
[OH2][Ca]([OH2][Ca]([OH2])([OH2])[OH2])([OH2])[OH2],1
[OH2][Mn](Cl)(Cl)[OH2],1
[Nd]1[Nd][OH]2[Nd][OH]1[Nd]2,1
[OH2][La]1([OH2])[OH2][La]([OH2]1)([OH2])[OH2],1
[Ag]12[Ag]3[Ag]1[Ag]1[Ag]4[Ag]([Ag]23)[Ag]14,1
Cl[Mn](Cl)Cl,1
[Cu][Cu](I)(I)(I)[Cu],1
[Cu][Cu](Br)(Br)[Cu],1
F[Co]F,1
[OH2][Zn][OH][Zn],1
[OH2][Lu]([OH2])([OH2])[OH2],1
[Zn][OH]1[Gd]([OH2])[OH]([Gd]1[OH2])[Zn],1
[Zn][OH]1[Dy]([OH2])[OH]([Dy]1[OH2])[Zn],1
[Zn][OH]1[Nd]([OH2])([OH2])[OH]([Nd]1([OH2])[OH2])[Zn],1
[OH2][Ag]([Ag])([Ag])[OH2],1
[OH2][Cs][OH2][Ca][OH2][Cs][OH2],1
[Au][Ag][Ag][Au],1
[Ga]Br,1
[O][U]1([O])[OH][U]2([OH]1[U]1([OH]2[U]([OH]1)([O])[O])([OH2])([O])[O])([OH2])([O])[O],1
[Re][OH][Re],1
[O][V]12O[Ni]3O[V]4(O[V](O2)([O])O[Ni]2O[V](O1)([O])O[V](O3)([O])O[V](O4)(O2)[O])[O],1
I[Au][Au]I,1
[K][OH2][Tb],1
[OH2][Ag][Ag][Ag],1
[Pr][OH2][Pr]([OH2])[OH2],1
[Zn][OH]([Zn]([OH2])([OH2])[OH2])[Zn],1
[O][V]O[Zn],1
[Tb]1[OH2][Tb][OH2]1,1
Cl[Cu][Cu],1
Cl[Cu]1[Cu][Cu]1(Cl)Cl,1
[OH2][Cd][O]([Cd])[Cd],1
S1[W]234[Cu]51[S]3[Cu]45S2,1
[OH2][Ba]([OH2][Ba]([OH2])[OH2])[OH2],1
[OH2][Ca]1[OH2][Ca]([OH2]1)[OH2],1
[OH2][Ce],1
[O][U]O[Cs]1[OH2][Cs]([OH2]1)O[U][O],1
[O][U]O[Rb]1[OH2][Rb]([OH2]1)O[U][O],1
[Al]1[OH][Al][OH][Al][OH][Al][OH][Al][OH][Al][OH][Al][OH][Al][OH]1,1
[Cd][OH2][Cd]([OH2])[OH2],1
[OH2][Pr]1[OH2][Pr]([OH2]1)[OH2],1
[Co]1[O]2[Co]3O[Co]4[O]1[Co]1O[Co]2[O]3[Co][O]41,1
[Cu]O[V]1([O])O[V]([O])(O[Cu])O[V](O[V](O1)([O])O[Cu])([O])O[Cu],1
[Cu]1[Cu][Cu]2[Cu]1[Cu][Cu]2,1
Br[Cu][Cu]([Cu][Cu][Cu][Cu][Cu]([Cu]Br)Br)Br,1
[MnH],1
[Zn]1O[Zn]O[Zn]O[Zn]O1,1
[W]1[Ag][W][Ag]1,1
Br[Cu][Cu]([Cu]([Cu]Br)Br)Br,1
[S]12[Cu]345[Cu]671[W]1823[S]4[Cu]561[S]78,1
[OH2][Zn]1([OH2])[OH2][Zn]([OH2]1)([OH2])[OH2],1
[OH2][Co]1([OH2])[OH2][Co]([OH2]1)([OH2])[OH2],1
[OH2][Zn]Br,1
[O][Cr](O[Cd]O[Cr]([O])[O])[O],1
[Cu]O[Cr](O[Cr]([O])([O])[O])([O])[O],1
F[Co],1
[Li][O]1[Sn][O]([Sn]1)[Li],1
[Cd][O]([Cd][O]([Cd])[Cd])[Cd],1
[OH2][Ag]1[Ag][Ag]1[OH2][Ag],1
[OH2][Tm]([OH2])([OH2])[OH2],1
Cl[Cu][OH][Cu][OH][Cu]Cl,1
Br[Cu][OH][Cu][OH][Cu]Br,1
Cl[Ho],1
Cl[Y],1
[Li][OH2][Li]1[OH2][Li]([OH2]1)[OH2][Li],1
Cl[Cu][O]([Cu]Cl)[Cu]Cl,1
I[Cu]12[S]3[W]452([S]1[Cu]4[S]5[Cu]3)[O],1
[Mn][OH2][Mn]([OH2])[OH2],1
[Cu][OH]([Cu])[Cu],1
[OH2][Ca][OH2][Ca][OH2],1
[Co][OH2][Co]([OH2])[OH2],1
[OH2][Er][Er][OH2],1
[OH2][Ho][Ho][OH2],1
[OH2][Tm][Tm][OH2],1
Cl[Cu][Cu]([Cu]([Cu]Cl)Cl)Cl,1
[Ag]1[Ag][Ag]2[Ag]3[Ag]1[Ag]23,1
[Cd][OH]1[Cd]([OH2])([OH2])[OH]([Cd]1([OH2])[OH2])[Cd],1
[Co][OH]1[Co]([OH2])([OH2])[OH]([Co]1([OH2])[OH2])[Co],1
[Zn][OH][Zn][Zn][OH][Zn],1
I[Cu][Cu][Cu]([Cu]([Cu][Cu]I)(I)I)(I)I,1
[Ag]1[Ag][OH2]1,1
[V]O[V],1
[Co]12[OH]3[Co]4[OH]2[Co]2[OH]4[Co]4[OH]5[Co]3[OH]1[Co]5[OH]24,1
[OH2][Y][OH]1[Y]([OH2])[OH]2[Y]1[OH]1[Y]2[OH]([Y]1[OH2])[Y][OH2],1
[O][U]([O]1[U]([O])([O])[O]([U]1([O])[O])[U]([O])([O])[OH2])([O])[OH2],1
[Pb][O]1([Pb])[Pb][O]([Pb]1)([Pb])[Pb],1
[Ag]1[Ag]2[Ag]1[Ag]1[Ag][Ag]1[Ag]1[Ag]([Ag]3[Ag]2[Ag]3)[Ag]1,1
[OH2][Ag][OH2],1
O[Fe]O,1
[Na][OH2][Mg],1
[V]1[OH][V][OH]1,1
[Sr][OH2][Sr][OH2][Sr],1
[OH2][Cu][OH]([Cu])[Cu],1
[OH2][Li]1[OH2][Li][OH2][Li]([OH2][Li][OH2]1)[OH2],1
[OH2][Ni]1[OH2][Ni]2[OH]1[Ni]1[OH]2[Ni]([OH2]1)[OH2],1
[OH2][Zn]O[Mo]123([O])O[Mo]456([O]783[Mo]3(O1)([O]5[Mo]15([O]9%106[Mo]68([O]31)([O]1[Mo]7(O2)([O]4[Mo]91([O])([O])O[Mo]%10(O6)(O5)([O])O[Zn][OH2])([O])[O])[O])([O])[O])([O])[O])[O],1
Br[Cu]1[S]2[Cu]3[W]4562[S]1[Cu]4[S]6[Cu]([S]35)Br,1
Cl[Cu]1[S]2[Cu]3[W]4562[S]1[Cu]4[S]6[Cu]([S]35)Cl,1
[Sm]1[OH][Sm][OH]1,1
[Tb]1[OH][Tb][OH]1,1
[OH2][Th]([OH2])[OH2],1
[OH2][Co][OH]([Co][OH]([Co][OH2])[Co])[Co],1
[Li]1[OH2][Cs][OH2]1,1
I[Pt]I,1
[Zn][O]([Zn][O]([Zn])[Zn])[Zn],1
[OH2][Cu]Br,1
[OH2][Pu],1
[O][U]O[Cu]([OH2])([OH2])[OH2],1
Br[Pb],1
O[Fe][O]([Fe]O)[Fe]O,1
[OH2][Cu](Cl)Cl,1
[OH2][Cd](Br)Br,1
F[Fe]F,1
[Cu]O[Mo]12([O])O[Mo]([O]1[Mo]1([O]2[Mo](O1)([OH2])([O])[O])([O])O[Cu])([OH2])([O])[O],1
[OH2][Sr][OH2][Sr][OH2],1
[Bi][O]1[Bi][O]([Bi]1)[Bi],1
F[V](F)F,1
[Cu]1[OH][Cu][OH]1,1
[N][Fe][Fe][N],1
[OH2][Bi]([OH2])[OH2],1
[OH2][Cs][OH3],1
[O][Mo]1([O])O[Cu]O[Mo](O[Cu]O1)([O])[O],1
[O][Mo]1([O])O[Zn]O[Mo](O[Zn]O1)([O])[O],1
[OH2][Zn]12[OH][Zn][OH]3[Zn][OH][Zn][OH][Zn]3([OH][Zn][OH]2[Zn][OH][Zn][OH]1)[OH2],1
I[Cu]1[Cu][Cu]23([Cu]41(I)(I)[Cu]2[Cu]34I)(I)I,1
Cl[Zn][OH][Zn]Cl,1
I[Ag]([Ag](I)I)I,1
O[Zr]123(O)[OH]4[Zr]56[OH]3[Zr]37([OH]2[Zr]28[OH]1[Zr]14([OH]6[Zr]([OH]53)([OH]21)([OH]78)(O)O)(O)O)(O)O,1
S1[Cu]2[W]341(S2)S[Cu]4S3,1
[OH2][Na]([OH2])[OH2],1
[Cu]1[Cu][Cu]1,1
[OH2][Cd][OH2][Cd][OH2],1
Cl[Ce]Cl,1
[Cd][OH2][Na]([OH2])[OH2],1
[Rb][OH2]1[Rb][OH2][Rb]1,1
[Na]O[Mo]12O[Mo]2(O1)[O],1
Cl[Pt]Cl,1
I[Ag]([Ag][Ag][Ag](I)I)I,1
[OH2][Cu][OH][Cu]([OH2])[OH2],1
[Cd]1[OH][Cd][OH]1,1
[OH2][Cu]([OH][Cu]([OH2])[OH2])[OH2],1
[Te]1[Fe][Fe]1,1
[Na]1[OH2][Na]2([OH2]1)[OH2][Na][OH2]2,1
[Pt]1[Ag][Pt][Ag]1,1
[OH2][Cs]([OH2])[OH2],1
[OH2][Ni][OH2][Ni][OH2][Ni][OH2],1
[OH2][Mn][OH2][Mn][OH2][Mn][OH2],1
[Zn][OH]1[Zn][OH]2[Zn]1[OH]1[Zn]2[OH]([Zn]1)[Zn],1
[Cu]12[S]3[Mo]4562[S]1[Cu]5[S]6[Cu]34,1
[Cu][OH2][Cu],1
[Cu]O[Mo]123([O])O[Mo]45([O]2[Mo]2([O]6[Mo]7(O1)([O]3[Mo]1([O]5[Mo]3(O4)([O]2[Mo]2([O]1[Mo]6(O7)([O])([O])O2)(O3)([O])O[Cu])([O])O[Cu])[O])([O])O[Cu])[O])([O])[O],1
[Pd]1[Pd]2[Pd]1[Pd]2,1
[OH2][Zn]O[Zn],1
Cl[Er]Cl,1
Cl[Yb]Cl,1
Cl[Lu](Cl)(Cl)Cl,1
Cl[Lu]Cl,1
Cl[Gd]Cl,1
Cl[Tb]Cl,1
Cl[Dy]Cl,1
Cl[Ho]Cl,1
Cl[Cu]1(Cl)[Cu][Cu]1,1
[Tb]12[OH]3[Tb]4[OH]2[Tb]2[OH]1[Tb]3[OH]42,1
[Cu][Cu][Cu][Cu],1
[OH2][Rb]1[OH2][Rb]([OH2]1)[OH2],1
[O][Re],1
[Au]1[Au][Se]1,1
Br[Cd](Br)(Br)Br,1
[OH2][Ag]([Ag][Ag][Ag]([Ag])[OH2])[Ag],1
O[La],1
[Ba][OH2][Ba]1[OH2][Ba]([OH2]1)[OH2][Ba],1
[In][OH][In],1
[OH2][Fe](Cl)(Cl)[OH2],1
[Cu]O[Mo](O[Cu])([O])[O],1
[Cu][Cu](I)(I)[Cu],1
[Pr][Pr],1
[Sm][Sm],1
Br[Sn]Br,1
Cl[Re]([Re](Cl)Cl)Cl,1
[Ag]1[Ag][Ag]1[Ag]1[Ag][Ag]1,1
[OH2][Lu]([OH2])([OH2])([OH2])[OH2],1
[Ag]O[Mo](F)(F)(F)(F)[O],1
[Ag]O[Mo](F)(F)(F)[O],1
O1O[Ti]1O[Ti]1OO1,1
[OH2][Ba]1([OH2])([OH2])[OH2][Ba]([OH2]1)([OH2])([OH2])[OH2],1
[O][Np][O],1
[Ag]1[Ag][Ag][Ag][Ag][Ag][Ag][Ag][Ag][Ag][Ag][Ag]1,1
F[Nb](O[Cu]O[Nb](F)(F)(F)(F)F)(F)(F)(F)F,1
F[Ni]F,1
[OH2][Al][O]([Al])[Al],1
[Ni]O[Nb](O[Ni])(F)(F)(F)F,1
[OH2][Ag]([Ag])[OH2],1
OO[Fe],1
[Dy][Dy],1
[Co][O]([Co][O]([Co])[Co])[Co],1
[Zn][OH]1[Co][OH]([Co]1)[Zn],1
[Ni]O[Ni]O[Ni],1
Cl[La],1
[OH2][Co][OH]([Co]([OH2])[OH2])[Co][OH]([Co]([OH2])[OH2])[Co][OH2],1
[Ag]12[Ag]3[Ag]4[Ag]2[Ag]2[Ag]1[Ag]3[Ag]42,1
Cl[La](Cl)Cl,1
[In][O]([In])[In],1
Cl[Rh]Cl,1
[Cu][Cu]O[Cu]O[Cu][Cu],1
O[Zn]O,1
[Er][Er],1
[OH2][Ce]([OH2])[OH2],1
O[Mn],1
O[Mn]O,1
O[Tb],1
I[Cu]1(I)[Cu][Cu]1(I)I,1
I[Cu]1[Cu]([Cu]1(I)I)I,1
[OH2][Nd][OH][Nd],1
O[Ce]([OH2])([OH2])[OH2],1
[OH2][Co]12[Co][OH]1[Co]1([OH]2[Co]1)[OH2],1
[Cu]1[S]2[Cu][S]3[Mo]4562[S]1[Cu]4[S]5[Cu]36,1
[Co][OH]1[Co][OH]2[Co]1[OH]1[Co]2[OH]([Co]1)[Co],1
[Y][Y],1
O1[Cu][O]2([Cu]1)[Cu]O[Cu]2,1
[Zn][O]1[Zn][O]([Zn]1)[Zn],1
[Ni][O]([Ni])([Ni])[Ni],1
O[Pr]O,1
[Co][O]1[Co][O]([Co]1)[Co],1
[Ni][OH2][Ni]([OH2])([OH2])[OH2],1
[Cu][W][Cu],1
[OH2][Mg][OH]([Mg][OH]([Mg][OH2])[Mg][OH2])[Mg][OH2],1
[OH2][Zn][OH]([Zn])[Zn],1
Cl[In],1
[Cr][O]([Cr])[Cr],1
[OH2][Ni][OH2][Ni],1
[OH2][Sr]1[OH2][Sr][OH2]1,1
O[Hf]123([OH2])[OH]4[Hf]56([O]3[Hf]37([OH]2[Hf]28([O]1[Hf]14([O]6[Hf]([OH]53)([OH]21)([O]78)([OH])O)([OH2])([OH])O)[OH2])([OH2])(O)O)[OH2],1
O[Zr]123([OH2])[OH]4[Zr]56([O]3[Zr]37([OH]2[Zr]28([O]1[Zr]14([O]6[Zr]([OH]53)([OH]21)([O]78)([OH])O)([OH2])([OH])O)[OH2])([OH2])(O)O)[OH2],1
O[Hf]123([OH])[OH]4[Hf]56([O]3[Hf]37([OH]2[Hf]28([O]1[Hf]14([O]6[Hf]([OH]53)([OH]21)([O]78)(O)O)([OH2])([OH2])O)[OH2])([OH])([OH2])O)[OH2],1
O[Hf]123([OH2])[O]4[Hf]56([OH]2[Hf]27([O]3[Hf]38([OH]1[Hf]4([OH]5)([OH2])([OH])(O)[O]3[Hf]([O]62)([OH]78)([OH])O)[OH2])([OH2])(O)O)[OH2],1
O[Zr]123([OH2])[O]4[Zr]56([OH]2[Zr]27([O]3[Zr]38([OH]1[Zr]4([OH]5)([OH])([OH2])(O)[O]3[Zr]([O]62)([OH]78)([OH])O)[OH2])([OH2])(O)O)[OH2],1
O[Zr]123([OH])[OH]4[Zr]56([O]3[Zr]37([OH]2[Zr]28([O]1[Zr]14([O]6[Zr]([OH]53)([OH]21)([O]78)(O)O)([OH2])([OH2])O)[OH2])([OH2])([OH])O)[OH2],1
O[Zr]123([OH])[OH]4[Zr]56([O]3[Zr]37([OH]2[Zr]28([O]1[Zr]14([O]6[Zr]([OH]53)([OH]21)([O]78)([OH])O)([OH])([OH])[OH])[OH2])([OH2])([OH2])O)[OH],1
O[Hf]123([OH2])[OH]4[Hf]56([O]3[Hf]37([OH]2[Hf]28([O]1[Hf]14([O]6[Hf]([OH]53)([OH]21)([O]78)([OH])O)([OH2])([OH2])O)O)([OH2])([OH])O)[OH2],1
O[Zr]123([OH2])[OH]4[Zr]56([O]3[Zr]37([OH]2[Zr]28([O]1[Zr]14([O]6[Zr]([OH]53)([OH]21)([O]78)([OH])O)([OH2])([OH2])O)O)([OH])([OH2])O)[OH2],1
O[Hf]123([OH])[OH]4[Hf]56([O]3[Hf]37([OH]2[Hf]28([O]1[Hf]14([O]6[Hf]([OH]53)([OH]21)([O]78)([OH2])O)([OH])([OH2])O)[OH2])([OH2])(O)O)[OH2],1
[Hf],1
O[Hf]123([OH2])[OH]4[Hf]56([O]3[Hf]37([OH]2[Hf]28([O]1[Hf]14([O]6[Hf]([OH]53)([OH]21)([O]78)([OH2])[OH])([OH])([OH2])O)O)([OH2])([OH2])O)O,1
O[Zr]123([OH])[OH]4[Zr]56([O]3[Zr]37([OH]2[Zr]28([O]1[Zr]14([O]6[Zr]([OH]53)([OH]21)([O]78)(O)O)([OH])([OH2])O)[OH2])([OH2])([OH2])O)[OH2],1
O[Zr]123([OH])[OH]4[Zr]56([O]3[Zr]37([OH]2[Zr]28([O]1[Zr]14([O]6[Zr]([OH]53)([OH]21)([O]78)(O)O)([OH2])([OH])O)[OH2])([OH2])([OH2])O)[OH2],1
O[Zr]123([OH])[OH]4[Zr]56([O]3[Zr]37([OH]2[Zr]28([O]1[Zr]14([O]6[Zr]([OH]53)([OH]21)([O]78)([OH2])O)([OH])([OH2])O)[OH2])([OH2])(O)O)[OH2],1
O[Zr]123([OH2])[OH]4[Zr]56([O]3[Zr]37([OH]2[Zr]28([O]1[Zr]14([O]6[Zr]([OH]53)([OH]21)([O]78)([OH])[OH2])([OH2])([OH])O)O)([OH2])([OH2])O)O,1
